"Address","Occurrences","Meta Description 1","Meta Description 1 Length","Meta Description 1 Pixel Width","Indexability","Indexability Status"
"https://blog.workep.com/topic/improving-productivity-with-workep","1","Improving productivity with Workep | The Project Management blog: what you need to know about project management, productivity and how to better use Workep, the Project Management platform for G Suite","200","1307","Indexable",""
"https://blog.workep.com/topic/Improving-productivity-with-Workep","1","Improving productivity with Workep | The Project Management blog: what you need to know about project management, productivity and how to better use Workep, the Project Management platform for G Suite","200","1307","Indexable",""
"https://workep.com/","1","The fastest project management experience for cross-enterprise collaboration, G Suite integration, Gantt Charts, Time Tracker, Budget and more. ","144","918","Indexable",""
"https://workep.com/downloadapps.html","1","The fastest project management experience for cross-enterprise collaboration, G Suite integration, Gantt Charts, Time Tracker, Budget and more. ","144","918","Non-Indexable","Canonicalised"
"https://workep.com/privacy-policy.html","1","The fastest project management experience for cross-enterprise collaboration, G Suite integration, Gantt Charts, Time Tracker, Budget and more. ","144","918","Non-Indexable","Canonicalised"
"https://workep.com/terms.html","1","The fastest project management experience for cross-enterprise collaboration, G Suite integration, Gantt Charts, Time Tracker, Budget and more. ","144","918","Non-Indexable","Canonicalised"
"https://workep.com/pricing.html","1","The fastest project management experience for cross-enterprise collaboration, G Suite integration, Gantt Charts, Time Tracker, Budget and more. ","144","918","Non-Indexable","Canonicalised"
"https://workep.com/madeforgoogle.html","1","The fastest project management experience for cross-enterprise collaboration, G Suite integration, Gantt Charts, Time Tracker, Budget and more. ","144","918","Non-Indexable","Canonicalised"
"https://workep.com/workep-for-education.html","1","The fastest project management experience for cross-enterprise collaboration, G Suite integration, Gantt Charts, Time Tracker, Budget and more. ","144","918","Non-Indexable","Canonicalised"
"https://workep.com/partners.html","1","The fastest project management experience for cross-enterprise collaboration, G Suite integration, Gantt Charts, Time Tracker, Budget and more. ","144","918","Non-Indexable","Canonicalised"
"https://workep.com/product.html","1","The fastest project management experience for cross-enterprise collaboration, G Suite integration, Gantt Charts, Time Tracker, Budget and more. ","144","918","Non-Indexable","Canonicalised"
"https://blog.workep.com/","1","The Project Management blog: what you need to know about project management, productivity and how to better use Workep, the Project Management platform for G Suite","163","1078","Indexable",""
"https://blog.workep.com/all","1","The Project Management blog: what you need to know about project management, productivity and how to better use Workep, the Project Management platform for G Suite","163","1078","Non-Indexable","Canonicalised"
"https://blog.workep.com/author/gavin-donnelly","1","The Project Management blog: what you need to know about project management, productivity and how to better use Workep, the Project Management platform for G Suite","163","1078","Indexable",""
"https://blog.workep.com/author/eduardo-alvarez","1","The Project Management blog: what you need to know about project management, productivity and how to better use Workep, the Project Management platform for G Suite","163","1078","Indexable",""
"https://blog.workep.com/author/scott-tousley","1","The Project Management blog: what you need to know about project management, productivity and how to better use Workep, the Project Management platform for G Suite","163","1078","Indexable",""
"https://blog.workep.com/page/2","1","The Project Management blog: what you need to know about project management, productivity and how to better use Workep, the Project Management platform for G Suite","163","1078","Non-Indexable","Canonicalised"
